{
  "rmse": 0.4369736776555384,
  "mae": 0.28467240183382303,
  "r2": 0.8542851902463815
}